,tconst,tmdb_id
0,tt0331314,435995
1,tt0372538,323867
2,tt0404978,97434
3,tt0420293,308032
4,tt0427543,499566
5,tt0443465,283350
6,tt0448022,70736
7,tt0455323,78571
8,tt0460890,95608
9,tt0490075,171688
10,tt0498351,217057
11,tt0756727,53079
12,tt0775440,168098
13,tt0775543,48833
14,tt0790770,316000
15,tt0811137,96987
16,tt0825283,339116
17,tt0835418,98066
18,tt0835802,10148
19,tt0850677,105531
20,tt0865561,112161
21,tt0878814,220746
22,tt0960730,226247
23,tt0995868,245913
24,tt1034293,127413
25,tt1037222,187462
26,tt1045658,82693
27,tt1049402,38568
28,tt1059317,295563
29,tt1068961,48837
30,tt1094666,74447
31,tt1096999,253305
32,tt1103273,55632
33,tt1109574,137566
34,tt1111235,587506
35,tt1113829,75964
36,tt1122614,50779
37,tt1127883,140443
38,tt1127886,98644
39,tt1129427,51875
40,tt1131728,271715
41,tt1139592,55341
42,tt1147681,273488
43,tt1155060,180607
44,tt1172047,77876
45,tt1174042,70588
46,tt1175709,46503
47,tt1179031,244509
48,tt1185371,56591
49,tt1196134,35458
50,tt1196948,41602
51,tt1198156,290542
52,tt1212454,59435
53,tt1216491,245916
54,tt1222816,54985
55,tt1223411,94026
56,tt1225856,523792
57,tt1226240,121879
58,tt1226274,330793
59,tt1230213,310137
60,tt1231586,69778
61,tt1234654,27583
62,tt1235790,57211
63,tt1236472,53344
64,tt1244658,39957
65,tt1250861,86726
66,tt1254978,140781
67,tt1258998,71112
68,tt1261954,85431
69,tt1262958,58493
70,tt1262990,152756
71,tt1264115,49057
72,tt1270277,58884
73,tt1273241,51462
74,tt1274296,48373
75,tt1276962,124071
76,tt1278379,43943
77,tt1280015,47912
78,tt1282041,45014
79,tt1290082,61629
80,tt1290138,316021
81,tt1291570,339527
82,tt1293751,127878
83,tt1294136,35656
84,tt1294688,23830
85,tt1294970,152790
86,tt1297921,211249
87,tt1302001,69878
88,tt1303803,55567
89,tt1307858,70448
90,tt1307861,70862
91,tt1308165,46062
92,tt1308756,102855
93,tt1311060,115283
94,tt1311071,157370
95,tt1312254,54602
96,tt1313139,89008
97,tt1314190,68412
98,tt1315350,47320
99,tt1316622,50838
100,tt1319722,65056
101,tt1319744,72711
102,tt1320103,214317
103,tt1322393,335805
104,tt1323045,44363
105,tt1325723,54075
106,tt1327709,47891
107,tt1330018,352885
108,tt1330229,58550
109,tt1336106,151020
110,tt1339191,209523
111,tt1340773,56272
112,tt1341795,66124
113,tt1343110,55879
114,tt1349451,79697
115,tt1349485,355629
116,tt1350510,275665
117,tt1351133,70729
118,tt1356763,64836
119,tt1356790,171910
120,tt1356864,43939
121,tt1361318,262338
122,tt1362518,100292
123,tt1363468,63154
124,tt1368440,112090
125,tt1373406,71726
126,tt1376233,80048
127,tt1380279,132709
128,tt1381505,35221
129,tt1385956,202141
130,tt1389098,434072
131,tt1389127,72477
132,tt1390398,164184
133,tt1391034,33107
134,tt1391092,52013
135,tt1393742,96973
136,tt1394211,61527
137,tt1398949,63143
138,tt1403862,54415
139,tt1405365,84184
140,tt1407055,82622
141,tt1407061,38093
142,tt1407927,39333
143,tt1411956,257258
144,tt1413493,85312
145,tt1413496,67619
146,tt1417592,72744
147,tt1418702,73941
148,tt1421048,67198
149,tt1422786,83479
150,tt1423593,93223
151,tt1426320,51764
152,tt1433099,53910
153,tt1433207,135647
154,tt1439558,196359
155,tt1440161,45156
156,tt1440379,102639
157,tt1441326,50837
158,tt1446147,57353
159,tt1450328,66025
160,tt1450330,76785
161,tt1452599,78504
162,tt1456635,74387
163,tt1460646,98333
164,tt1461219,225318
165,tt1462411,156277
166,tt1462901,174311
167,tt1466054,117098
168,tt1468387,42950
169,tt1468846,186759
170,tt1473397,70585
171,tt1474889,44966
172,tt1479320,75469
173,tt1480295,77663
174,tt1481572,47218
175,tt1482889,149874
176,tt1482991,75446
177,tt1483010,44010
178,tt1483756,90122
179,tt1486843,213831
180,tt1490678,82677
181,tt1492705,462723
182,tt1493157,135708
183,tt1497874,55934
184,tt1504319,42707
185,tt1506940,48752
186,tt1507571,324562
187,tt1509276,59248
188,tt1511425,92277
189,tt1512240,51996
190,tt1515935,54812
191,tt1516577,180767
192,tt1517249,173908
193,tt1518255,131245
194,tt1520399,74227
195,tt1522857,52918
196,tt1523483,46837
197,tt1523939,75576
198,tt1524095,62325
199,tt1524131,44946
200,tt1525552,87425
201,tt1525838,65953
202,tt1528071,149509
203,tt1530975,55893
204,tt1531914,96999
205,tt1531924,276401
206,tt1531930,74830
207,tt1533013,59437
208,tt1533089,324314
209,tt1534075,47755
210,tt1535110,58887
211,tt1536374,109894
212,tt1538833,81581
213,tt1539489,84196
214,tt1540733,206380
215,tt1540813,568975
216,tt1540814,44999
217,tt1540933,99603
218,tt1540978,81578
219,tt1541153,133741
220,tt1541943,274271
221,tt1544608,301372
222,tt1545464,104461
223,tt1545660,74461
224,tt1545754,209244
225,tt1549571,58936
226,tt1550524,58194
227,tt1550557,105972
228,tt1551630,165739
229,tt1555058,107753
230,tt1557148,101011
231,tt1557720,80597
232,tt1558250,40663
233,tt1558256,142758
234,tt1558259,463025
235,tt1559549,39312
236,tt1560969,107869
237,tt1562450,131880
238,tt1562899,52653
239,tt1562904,269640
240,tt1563704,43922
241,tt1566648,39440
242,tt1567233,64288
243,tt1567437,244458
244,tt1568150,41397
245,tt1568334,43924
246,tt1568335,51486
247,tt1568924,54487
248,tt1570583,84201
249,tt1571249,244772
250,tt1572306,294308
251,tt1572769,50420
252,tt1572773,94567
253,tt1578582,290768
254,tt1578890,424211
255,tt1579361,84185
256,tt1581829,83810
257,tt1581845,117924
258,tt1582248,72432
259,tt1582465,174326
260,tt1588353,97429
261,tt1588886,122804
262,tt1590295,92464
263,tt1595061,89873
264,tt1595656,60281
265,tt1596350,59962
266,tt1597089,55845
267,tt1600435,70869
268,tt1601475,64854
269,tt1603489,80308
270,tt1605765,154663
271,tt1606392,55725
272,tt1608285,85821
273,tt1609113,97008
274,tt1610013,203182
275,tt1610473,127552
276,tt1610516,115400
277,tt1610525,373546
278,tt1611180,72186
279,tt1611990,82627
280,tt1613023,70342
281,tt1618399,99877
282,tt1621019,91337
283,tt1621426,59439
284,tt1621444,55244
285,tt1621446,55861
286,tt1622563,168200
287,tt1623745,75595
288,tt1626135,77585
289,tt1628042,120459
290,tt1632705,498716
291,tt1634138,77238
292,tt1634286,96600
293,tt1636849,68197
294,tt1638362,45274
295,tt1638364,214083
296,tt1638979,70758
297,tt1644503,75354
298,tt1645080,64678
299,tt1645774,95056
300,tt1646926,51170
301,tt1646972,325759
302,tt1649421,142144
303,tt1649433,81515
304,tt1650058,91930
305,tt1650393,156713
306,tt1650549,392284
307,tt1651323,80384
308,tt1652287,62522
309,tt1653827,47059
310,tt1655460,50647
311,tt1655603,348797
312,tt1656170,53100
313,tt1656179,96316
314,tt1657283,63710
315,tt1658501,57599
316,tt1659215,177049
317,tt1663660,82492
318,tt1665418,169068
319,tt1666335,283384
320,tt1667307,82533
321,tt1669846,226277
322,tt1670389,288274
323,tt1670932,100057
324,tt1672614,45703
325,tt1674785,319070
326,tt1675161,132923
327,tt1675759,176079
328,tt1677082,82520
329,tt1678040,64458
330,tt1680311,128450
331,tt1681666,123326
332,tt1683048,355254
333,tt1683526,74308
334,tt1684548,143142
335,tt1687277,77874
336,tt1687281,51993
337,tt1687875,105794
338,tt1691152,413765
339,tt1691153,73216
340,tt1691920,75345
341,tt1692928,53505
342,tt1694015,47055
343,tt1695405,82321
344,tt1697887,158227
345,tt1697891,297587
346,tt1698648,72890
347,tt1699720,55245
348,tt1701976,77269
349,tt1704619,69480
350,tt1705111,219816
351,tt1706598,258284
352,tt1707391,86820
353,tt1710417,100529
354,tt1712159,51248
355,tt1713476,123105
356,tt1714208,65599
357,tt1714917,392820
358,tt1715873,58547
359,tt1715876,137960
360,tt1718924,375183
361,tt1718940,295030
362,tt1719030,115166
363,tt1720621,464733
364,tt1722476,91352
365,tt1723126,90873
366,tt1724965,286971
367,tt1725986,253344
368,tt1730687,89325
369,tt1730714,342786
370,tt1731764,579111
371,tt1734477,54793
372,tt1734548,83125
373,tt1734586,119458
374,tt1735279,203933
375,tt1735495,82689
376,tt1735907,274504
377,tt1736049,84198
378,tt1737122,80387
379,tt1741225,82932
380,tt1741682,88847
381,tt1745710,174324
382,tt1746153,77881
383,tt1746242,103661
384,tt1746264,100825
385,tt1747967,92398
386,tt1748043,74310
387,tt1748158,75719
388,tt1748224,123242
389,tt1748260,188984
390,tt1748280,403336
391,tt1753549,67273
392,tt1753846,127540
393,tt1754104,130712
394,tt1754465,437063
395,tt1754650,636118
396,tt1754811,156268
397,tt1754853,106344
398,tt1756799,84226
399,tt1758576,83732
400,tt1759682,104250
401,tt1759744,471859
402,tt1763245,226279
403,tt1765913,579107
404,tt1766094,93837
405,tt1767372,245906
406,tt1769363,100046
407,tt1772264,207933
408,tt1772317,455240
409,tt1772371,83330
410,tt1772408,135595
411,tt1772925,80767
412,tt1776086,220494
413,tt1777551,67885
414,tt1778931,253295
415,tt1781058,346681
416,tt1781840,94671
417,tt1783732,75761
418,tt1783798,102640
419,tt1785389,79201
420,tt1785612,178290
421,tt1787127,82624
422,tt1787660,75301
423,tt1787725,79042
424,tt1787777,63144
425,tt1787791,54358
426,tt1787794,135308
427,tt1787797,91367
428,tt1787816,53328
429,tt1787837,81716
430,tt1788461,84407
431,tt1790834,84338
432,tt1790867,75785
433,tt1791500,74943
434,tt1791614,87440
435,tt1792647,94352
436,tt1796503,96556
437,tt1798143,105788
438,tt1800266,95808
439,tt1800367,225974
440,tt1800669,101149
441,tt1801113,359348
442,tt1806777,87828
443,tt1806911,83443
444,tt1809370,91370
445,tt1810697,94204
446,tt1811371,80195
447,tt1815852,110112
448,tt1815998,161303
449,tt1817081,174316
450,tt1817771,218784
451,tt1822239,81670
452,tt1822311,136466
453,tt1823125,128073
454,tt1824254,159154
455,tt1826583,121106
456,tt1827578,84191
457,tt1828970,198210
458,tt1834234,89595
459,tt1838544,79548
460,tt1839654,101731
461,tt1842520,102652
462,tt1844763,139571
463,tt1844790,579081
464,tt1845213,579103
465,tt1845773,84169
466,tt1845804,82929
467,tt1848826,75760
468,tt1853563,61488
469,tt1853643,118677
470,tt1856109,86723
471,tt1859476,289561
472,tt1859553,105525
473,tt1860355,82620
474,tt1861281,83040
475,tt1861445,289723
476,tt1863406,84917
477,tt1864288,65058
478,tt1864405,244580
479,tt1865393,123107
480,tt1865425,98886
481,tt1869724,79327
482,tt1870529,82631
483,tt1874416,121211
484,tt1874789,139998
485,tt1876373,199656
486,tt1878942,99367
487,tt1881002,287424
488,tt1884431,73350
489,tt1884457,146578
490,tt1885265,62008
491,tt1885299,214096
492,tt1885335,114562
493,tt1893269,490794
494,tt1893326,168051
495,tt1894561,105528
496,tt1904995,173406
497,tt1906329,83869
498,tt1906443,139705
499,tt1907731,84317
500,tt1912398,74306
501,tt1916749,121822
502,tt1921027,262211
503,tt1928340,198287
504,tt1930294,84178
505,tt1930322,183538
506,tt1930463,330115
507,tt1930546,127374
508,tt1931388,97610
509,tt1931549,72845
510,tt1931602,70706
511,tt1932718,112200
512,tt1934452,548859
513,tt1935896,87436
514,tt1935897,203835
515,tt1937222,137376
516,tt1937449,121789
517,tt1937504,192394
518,tt1942831,140846
519,tt1942989,171698
520,tt1943765,151693
521,tt1945044,226458
522,tt1945084,277355
523,tt1949605,415766
524,tt1950135,340190
525,tt1951095,152736
526,tt1954204,257173
527,tt1956594,93087
528,tt1959438,139933
529,tt1959550,105677
530,tt1964773,163710
531,tt1965065,84333
532,tt1965162,256969
533,tt1971310,491627
534,tt1971397,184866
535,tt1971403,119457
536,tt1972646,75442
537,tt1972663,77365
538,tt1972819,139997
539,tt1974254,124069
540,tt1974382,340247
541,tt1976989,140222
542,tt1977953,147764
543,tt1978480,84312
544,tt1981703,70875
545,tt1984153,84194
546,tt1985196,279998
547,tt1986161,79781
548,tt1986998,207850
549,tt1988544,127239
550,tt1988621,124470
551,tt1989593,84328
552,tt1990352,86850
553,tt1991031,279972
554,tt1996346,87822
555,tt1999192,74510
556,tt1999987,158907
557,tt2005153,127497
558,tt2007360,158743
559,tt2008513,89874
560,tt2010939,180813
561,tt2011265,105121
562,tt2011300,137683
563,tt2011311,199928
564,tt2011953,84290
565,tt2012011,172847
566,tt2014338,110354
567,tt2014346,97609
568,tt2014351,214671
569,tt2015370,74007
570,tt2022441,355019
571,tt2027064,158739
572,tt2032557,121677
573,tt2033981,173210
574,tt2035630,91679
575,tt2036376,94887
576,tt2039380,433829
577,tt2040398,171721
578,tt2040504,253851
579,tt2041488,119738
580,tt2043814,82269
581,tt2043900,72841
582,tt2043931,105978
583,tt2043933,157823
584,tt2044729,124461
585,tt2044801,192712
586,tt2049543,347945
587,tt2049559,209108
588,tt2049586,285689
589,tt2049589,250671
590,tt2051879,174772
591,tt2053352,82639
592,tt2055709,199591
593,tt2055711,111103
594,tt2055765,174321
595,tt2061563,88842
596,tt2062497,134666
597,tt2062700,330947
598,tt2062961,102596
599,tt2063666,84281
600,tt2063819,286247
601,tt2064713,137563
602,tt2064891,286530
603,tt2064960,142916
604,tt2064968,206821
605,tt2066176,105526
606,tt2070597,126186
607,tt2070604,270064
608,tt2070852,189755
609,tt2070862,97006
610,tt2071550,215830
611,tt2072987,130936
612,tt2073029,84309
613,tt2073520,84319
614,tt2073681,189357
615,tt2077747,121831
616,tt2079512,103734
617,tt2084773,75757
618,tt2084953,159622
619,tt2085759,163197
620,tt2085888,102867
621,tt2085910,84330
622,tt2088714,133823
623,tt2088883,139572
624,tt2089674,193796
625,tt2089721,257113
626,tt2090629,309889
627,tt2091245,421064
628,tt2091325,258805
629,tt2091398,106049
630,tt2093109,84192
631,tt2093269,309729
632,tt2093977,183662
633,tt2093991,301348
634,tt2094034,288778
635,tt2094064,91739
636,tt2094155,116340
637,tt2095713,207766
638,tt2095768,473749
639,tt2097331,291264
640,tt2097333,387892
641,tt2099788,87434
642,tt2101383,86835
643,tt2104994,89638
644,tt2105044,84348
645,tt2106739,458877
646,tt2111392,174682
647,tt2112293,84187
648,tt2113075,158908
649,tt2113113,111949
650,tt2113659,268171
651,tt2118609,151595
652,tt2119463,174352
653,tt2120152,84288
654,tt2123884,275696
655,tt2124074,84166
656,tt2124803,84286
657,tt2125480,174368
658,tt2125490,84190
659,tt2125681,744979
660,tt2129930,105790
661,tt2130136,225132
662,tt2133243,247906
663,tt2133333,199647
664,tt2139555,277547
665,tt2139843,89237
666,tt2139869,528526
667,tt2139919,97607
668,tt2140577,174337
669,tt2140619,286554
670,tt2141773,336313
671,tt2147048,137312
672,tt2147728,110550
673,tt2151739,287501
674,tt2157103,208943
675,tt2160105,448095
676,tt2164862,120271
677,tt2166934,272160
678,tt2167056,209556
679,tt2170242,370729
680,tt2171902,250745
681,tt2173248,298833
682,tt2174896,250777
683,tt2179116,156700
684,tt2179171,531164
685,tt2182032,306948
686,tt2182256,253310
687,tt2184331,140447
688,tt2186663,216412
689,tt2186781,142115
690,tt2187884,158752
691,tt2194328,250705
692,tt2196055,174309
693,tt2201211,416673
694,tt2201548,158884
695,tt2204371,184149
696,tt2205697,111969
697,tt2205904,207021
698,tt2210463,185471
699,tt2215151,159008
700,tt2219650,291817
701,tt2221784,124080
702,tt2222206,184846
703,tt2226344,708608
704,tt2226519,215881
705,tt2234315,134413
706,tt2235108,114750
707,tt2235248,180369
708,tt2236182,140174
709,tt2237822,138217
710,tt2239400,127505
711,tt2241069,117055
712,tt2244856,160706
713,tt2245195,115199
714,tt2246565,262481
715,tt2247432,172542
716,tt2247696,125034
717,tt2250380,270754
718,tt2258345,214030
719,tt2260060,302243
720,tt2260728,157028
721,tt2261409,274564
722,tt2262315,339994
723,tt2265398,172533
724,tt2265431,361505
725,tt2272336,159638
726,tt2273471,140479
727,tt2273657,245706
728,tt2274570,172828
729,tt2275549,108540
730,tt2275629,574163
731,tt2276023,212968
732,tt2276069,268536
733,tt2277150,174345
734,tt2279922,136585
735,tt2280836,160606
736,tt2281159,204349
737,tt2281267,96088
738,tt2282016,272692
739,tt2282662,157016
740,tt2287170,272418
741,tt2287621,222465
742,tt2290151,193346
743,tt2291540,445040
744,tt2292903,111170
745,tt2294677,157360
746,tt2294679,102862
747,tt2294729,104155
748,tt2294965,169642
749,tt2295564,214140
750,tt2296697,156965
751,tt2300975,203834
752,tt2304485,105555
753,tt2304583,127929
754,tt2304997,135338
755,tt2306745,157117
756,tt2309021,159128
757,tt2312616,232469
758,tt2312890,156708
759,tt2313896,215931
760,tt2314374,222136
761,tt2315596,283601
762,tt2316868,192142
763,tt2321249,134409
764,tt2322482,241573
765,tt2322517,237584
766,tt2326554,252171
767,tt2328922,153854
768,tt2330270,159652
769,tt2331880,127916
770,tt2332883,276909
771,tt2338341,283271
772,tt2338424,207936
773,tt2339379,159631
774,tt2340650,257245
775,tt2342231,207267
776,tt2347569,121986
777,tt2349460,206284
778,tt2350432,121983
779,tt2351098,277522
780,tt2352196,418697
781,tt2352488,158936
782,tt2355540,159002
783,tt2355880,517019
784,tt2359381,241432
785,tt2359427,159142
786,tt2361846,228692
787,tt2364949,154282
788,tt2368699,495965
789,tt2370248,169813
790,tt2372251,421792
791,tt2376024,121667
792,tt2377194,290207
793,tt2378401,266764
794,tt2380247,124067
795,tt2380331,214075
796,tt2381319,253807
797,tt2381335,250657
798,tt2385952,337206
799,tt2386278,146243
800,tt2386285,268060
801,tt2386327,159988
802,tt2387589,241261
803,tt2387710,568428
804,tt2388637,152748
805,tt2388759,172469
806,tt2390630,217471
807,tt2390962,209799
808,tt2393799,174371
809,tt2393805,261817
810,tt2393845,237756
811,tt2394063,342165
812,tt2396589,414425
813,tt2400463,306947
814,tt2401007,181106
815,tt2402114,542896
816,tt2402985,246011
817,tt2404645,146778
818,tt2405372,173917
819,tt2405792,174319
820,tt2406306,259014
821,tt2406572,323348
822,tt2411684,523602
823,tt2413338,228064
824,tt2415458,307931
825,tt2415728,355545
826,tt2420006,169853
827,tt2421328,362322
828,tt2422276,297236
829,tt2430104,158994
830,tt2433040,318954
831,tt2435458,288691
832,tt2437548,261820
833,tt2444946,173205
834,tt2450186,159117
835,tt2450440,214091
836,tt2451742,159153
837,tt2458876,317978
838,tt2458912,290743
839,tt2461034,168864
840,tt2461226,200119
841,tt2461520,296523
842,tt2463154,296178
843,tt2463288,187596
844,tt2466654,186776
845,tt2466830,169864
846,tt2473476,339158
847,tt2473762,173188
848,tt2479800,192132
849,tt2481202,159137
850,tt2481246,190193
851,tt2481480,243935
852,tt2481498,457799
853,tt2484530,308425
854,tt2486678,259954
855,tt2488778,284284
856,tt2489734,174688
857,tt2490326,241843
858,tt2492002,276883
859,tt2492916,159151
860,tt2499414,238475
861,tt2504022,159012
862,tt2505856,278771
863,tt2507128,171795
864,tt2507280,174678
865,tt2507628,149234
866,tt2509850,289727
867,tt2510028,259611
868,tt2510434,258193
869,tt2511428,210047
870,tt2514028,336268
871,tt2515164,262357
872,tt2516274,253337
873,tt2516424,313705
874,tt2517044,271164
875,tt2518370,303179
876,tt2530316,507525
877,tt2531318,391698
878,tt2532528,159004
879,tt2534514,328726
880,tt2537176,207768
881,tt2537390,333287
882,tt2539720,217921
883,tt2540136,383731
884,tt2545088,158997
885,tt2545118,158999
886,tt2545338,159000
887,tt2545428,318279
888,tt2547172,339355
889,tt2547632,171741
890,tt2548738,250668
891,tt2551396,276922
892,tt2554648,173488
893,tt2555268,169760
894,tt2555652,365491
895,tt2557276,302828
896,tt2560632,174373
897,tt2570224,228109
898,tt2571226,259261
899,tt2577636,507109
900,tt2581480,384687
901,tt2582426,278632
902,tt2582784,421471
903,tt2587914,291348
904,tt2597242,254188
905,tt2597760,306943
906,tt2597892,336455
907,tt2603600,401032
908,tt2610862,222885
909,tt2611160,344491
910,tt2614776,317954
911,tt2620590,300665
912,tt2624412,259963
913,tt2630352,333295
914,tt2634200,280668
915,tt2635006,169800
916,tt2636522,191502
917,tt2637378,261036
918,tt2638900,334684
919,tt2639344,244268
920,tt2651214,277479
921,tt2651724,497985
922,tt2656588,253303
923,tt2660118,409583
924,tt2669336,273271
925,tt2674040,259999
926,tt2674430,328429
927,tt2689966,177703
928,tt2693580,346134
929,tt2698966,321497
930,tt2704210,295483
931,tt2704816,251220
932,tt2707810,414454
933,tt2708254,201550
934,tt2709606,216415
935,tt2710368,224903
936,tt2710614,187978
937,tt2714380,280002
938,tt2714900,169607
939,tt2718314,373541
940,tt2721960,370414
941,tt2726552,305943
942,tt2729818,260176
943,tt2731398,169448
944,tt2732932,174351
945,tt2734552,178445
946,tt2736254,195389
947,tt2737310,173455
948,tt2737926,329289
949,tt2749282,389323
950,tt2751310,295315
951,tt2752724,221800
952,tt2758890,197696
953,tt2759372,201419
954,tt2761118,184837
955,tt2762738,227907
956,tt2773246,469062
957,tt2784512,254474
958,tt2788512,361050
959,tt2788716,284537
960,tt2793490,254194
961,tt2800050,365997
962,tt2800400,253259
963,tt2815720,323051
964,tt2815902,330982
965,tt2825924,220468
966,tt2828310,393425
967,tt2836628,310043
968,tt2837574,429203
969,tt2848324,324289
970,tt2855026,194104
971,tt2870808,260001
972,tt2872462,309245
973,tt2872570,294544
974,tt2881698,224815
975,tt2887322,224076
976,tt2897642,200155
977,tt2898306,340223
978,tt2910168,438181
979,tt2910274,248774
980,tt2911668,284289
981,tt2912776,365052
982,tt2917566,358724
983,tt2918606,262982
984,tt2924352,322163
985,tt2924392,513324
986,tt2924442,228358
987,tt2925642,245158
988,tt2926810,193726
989,tt2933292,305030
990,tt2936174,199423
991,tt2938740,259405
992,tt2948266,203534
993,tt2948530,376575
994,tt2954474,353686
995,tt2957760,333354
996,tt2960450,223632
997,tt2962826,253296
998,tt2962876,228108
999,tt2965412,276908
1000,tt2966934,242093
1001,tt2980472,258099
1002,tt2980554,339145
1003,tt2983140,247533
1004,tt2984576,287523
1005,tt2989524,317560
1006,tt2992220,230836
1007,tt2992538,295992
1008,tt3007302,263105
1009,tt3009772,501989
1010,tt3014078,322548
1011,tt3020666,338614
1012,tt3038734,333657
1013,tt3057572,296879
1014,tt3057836,223249
1015,tt3060492,253254
1016,tt3062320,308324
1017,tt3064338,543593
1018,tt3065132,338928
1019,tt3070502,217664
1020,tt3074780,209416
1021,tt3080844,333097
1022,tt3081268,298026
1023,tt3082826,253270
1024,tt3089388,212063
1025,tt3091258,433386
1026,tt3091304,212849
1027,tt3092606,218262
1028,tt3093520,277582
1029,tt3093522,240745
1030,tt3093546,251736
1031,tt3100274,311667
1032,tt3104818,225044
1033,tt3107070,285270
1034,tt3110272,460654
1035,tt3116072,217019
1036,tt3121332,308077
1037,tt3122842,324174
1038,tt3125220,244260
1039,tt3127902,438440
1040,tt3130776,253282
1041,tt3132632,316067
1042,tt3138166,347841
1043,tt3139538,272602
1044,tt3142366,309024
1045,tt3146022,520270
1046,tt3164198,261857
1047,tt3165264,404782
1048,tt3165612,288036
1049,tt3165630,328901
1050,tt3168808,343880
1051,tt3172126,331393
1052,tt3174376,301804
1053,tt3177086,424388
1054,tt3181920,287322
1055,tt3185602,303854
1056,tt3186318,244536
1057,tt3200980,243352
1058,tt3201640,429415
1059,tt3203528,467632
1060,tt3203616,238215
1061,tt3203620,401546
1062,tt3204632,378631
1063,tt3208880,579087
1064,tt3210388,254120
1065,tt3212392,257407
1066,tt3214002,269100
1067,tt3222852,408106
1068,tt3226754,266686
1069,tt3226786,481370
1070,tt3233418,264337
1071,tt3234084,395474
1072,tt3236120,310121
1073,tt3240784,324307
1074,tt3244446,332706
1075,tt3244466,336472
1076,tt3249794,522482
1077,tt3250032,354143
1078,tt3254796,353378
1079,tt3254930,416602
1080,tt3261114,490795
1081,tt3262252,291874
1082,tt3263520,250660
1083,tt3263548,324345
1084,tt3263614,244563
1085,tt3263718,321486
1086,tt3263946,481880
1087,tt3263996,250666
1088,tt3264102,256876
1089,tt3264494,238010
1090,tt3266948,332936
1091,tt3268030,258358
1092,tt3268340,425507
1093,tt3268458,250658
1094,tt3270108,289891
1095,tt3270538,333377
1096,tt3272570,324253
1097,tt3275194,579076
1098,tt3279124,250761
1099,tt3282712,413579
1100,tt3286560,287904
1101,tt3289712,342474
1102,tt3294746,331986
1103,tt3297330,253626
1104,tt3297382,362202
1105,tt3297554,253253
1106,tt3300078,473602
1107,tt3300874,436552
1108,tt3302498,201734
1109,tt3302706,286519
1110,tt3307800,257118
1111,tt3311020,448252
1112,tt3315656,358364
1113,tt3317208,277710
1114,tt3317522,312827
1115,tt3318750,287587
1116,tt3319508,269705
1117,tt3319844,407803
1118,tt3320500,401065
1119,tt3326366,246743
1120,tt3334212,335869
1121,tt3339534,342208
1122,tt3339674,255798
1123,tt3343784,246133
1124,tt3352034,356901
1125,tt3379352,365128
1126,tt3380766,431111
1127,tt3381068,306307
1128,tt3384180,323788
1129,tt3384350,347757
1130,tt3394972,326256
1131,tt3395184,241855
1132,tt3397918,296130
1133,tt3401392,446076
1134,tt3410666,288916
1135,tt3412738,446841
1136,tt3414960,324283
1137,tt3416536,347866
1138,tt3416744,249688
1139,tt3417854,346558
1140,tt3421318,480794
1141,tt3422314,305641
1142,tt3429774,476833
1143,tt3435612,275164
1144,tt3440132,339258
1145,tt3442990,309581
1146,tt3448854,523646
1147,tt3451230,382399
1148,tt3455850,250779
1149,tt3458118,418688
1150,tt3458236,250756
1151,tt3462002,319152
1152,tt3462696,286548
1153,tt3464018,309882
1154,tt3464290,383267
1155,tt3470656,366506
1156,tt3471098,312669
1157,tt3480942,367053
1158,tt3481000,338107
1159,tt3485800,393603
1160,tt3488184,324245
1161,tt3498950,253336
1162,tt3503068,541099
1163,tt3503406,331583
1164,tt3504604,339934
1165,tt3505094,399464
1166,tt3505712,284294
1167,tt3505754,352582
1168,tt3507138,361588
1169,tt3510820,274906
1170,tt3513054,310119
1171,tt3514532,334546
1172,tt3529198,292177
1173,tt3531176,465550
1174,tt3532608,256273
1175,tt3534282,309298
1176,tt3549206,358923
1177,tt3549508,256503
1178,tt3553126,421376
1179,tt3564794,340255
1180,tt3566788,308640
1181,tt3567200,253262
1182,tt3568002,356332
1183,tt3576038,261041
1184,tt3578504,267872
1185,tt3588588,512412
1186,tt3593046,360203
1187,tt3596382,336323
1188,tt3601350,381275
1189,tt3602660,348951
1190,tt3603808,323370
1191,tt3608848,267433
1192,tt3608930,291356
1193,tt3612320,291413
1194,tt3620762,347944
1195,tt3625220,309521
1196,tt3627572,317723
1197,tt3628574,340268
1198,tt3630918,456660
1199,tt3654964,265929
1200,tt3660770,295592
1201,tt3662066,321030
1202,tt3663020,345932
1203,tt3675568,288789
1204,tt3676370,254800
1205,tt3692652,331392
1206,tt3696764,535415
1207,tt3699354,411013
1208,tt3700804,339148
1209,tt3703148,340816
1210,tt3704416,295490
1211,tt3704538,267806
1212,tt3704700,340027
1213,tt3707104,345009
1214,tt3707114,321974
1215,tt3710966,446289
1216,tt3713030,291869
1217,tt3715598,362321
1218,tt3717316,381011
1219,tt3720788,275060
1220,tt3722118,295134
1221,tt3722234,537751
1222,tt3726626,278610
1223,tt3726704,309299
1224,tt3730510,342169
1225,tt3732950,314420
1226,tt3733778,290637
1227,tt3735398,359341
1228,tt3735554,305044
1229,tt3737840,630689
1230,tt3741860,290504
1231,tt3745058,476367
1232,tt3751126,402714
1233,tt3759912,502805
1234,tt3760966,333665
1235,tt3763790,378442
1236,tt3770426,366324
1237,tt3771626,385581
1238,tt3774466,330112
1239,tt3774790,332502
1240,tt3774802,346651
1241,tt3778010,406107
1242,tt3779300,348811
1243,tt3780754,378379
1244,tt3781762,332286
1245,tt3791268,333378
1246,tt3797868,330483
1247,tt3808102,436775
1248,tt3810760,392553
1249,tt3813094,336007
1250,tt3824412,294132
1251,tt3827684,417056
1252,tt3831344,469799
1253,tt3832096,298584
1254,tt3844362,308024
1255,tt3846324,266881
1256,tt3849692,362185
1257,tt3856408,595841
1258,tt3859272,413857
1259,tt3863484,330916
1260,tt3868452,282084
1261,tt3877296,339060
1262,tt3878978,337515
1263,tt3884528,320061
1264,tt3891218,376562
1265,tt3892172,443463
1266,tt3894188,285020
1267,tt3905764,415311
1268,tt3906724,392900
1269,tt3907314,287179
1270,tt3908142,374052
1271,tt3908598,324284
1272,tt3912040,329155
1273,tt3913194,459617
1274,tt3914332,305342
1275,tt3917210,376233
1276,tt3921852,285733
1277,tt3946960,438283
1278,tt3958780,347033
1279,tt3962210,328739
1280,tt3962848,318973
1281,tt3969208,332996
1282,tt3984356,597233
1283,tt3986820,430231
1284,tt3990782,376087
1285,tt3993350,406431
1286,tt3993894,300542
1287,tt3997238,288301
1288,tt4000670,413782
1289,tt4000956,292834
1290,tt4003774,291854
1291,tt4009278,333674
1292,tt4010862,437041
1293,tt4031126,440020
1294,tt4044364,293310
1295,tt4044896,388994
1296,tt4047350,296941
1297,tt4048168,301339
1298,tt4048668,333675
1299,tt4054008,575314
1300,tt4054654,354979
1301,tt4058122,386826
1302,tt4059702,395938
1303,tt4061196,424632
1304,tt4061944,403586
1305,tt4079142,324293
1306,tt4083572,353433
1307,tt4085238,326247
1308,tt4086032,337029
1309,tt4092774,344753
1310,tt4096620,356329
1311,tt4104022,308027
1312,tt4104354,364160
1313,tt4109204,346152
1314,tt4118606,388440
1315,tt4125222,364830
1316,tt4126304,317952
1317,tt4126312,320349
1318,tt4129870,336011
1319,tt4136056,320882
1320,tt4138020,434685
1321,tt4143508,431714
1322,tt4144190,326094
1323,tt4145304,306197
1324,tt4151320,370756
1325,tt4157220,295799
1326,tt4158876,371449
1327,tt4159698,426193
1328,tt4163020,306964
1329,tt4169146,565720
1330,tt4185572,319091
1331,tt4188202,319079
1332,tt4191054,302429
1333,tt4193394,340611
1334,tt4196832,410348
1335,tt4200556,302743
1336,tt4207112,426410
1337,tt4218696,405775
1338,tt4224328,320589
1339,tt4227032,329539
1340,tt4229236,319075
1341,tt4230010,331485
1342,tt4230700,373476
1343,tt4231760,461404
1344,tt4238858,358807
1345,tt4239548,310319
1346,tt4242100,381645
1347,tt4255110,345468
1348,tt4257858,318224
1349,tt4257950,319924
1350,tt4261326,415671
1351,tt4265508,376581
1352,tt4266638,323929
1353,tt4266910,391628
1354,tt4273326,397569
1355,tt4276112,324263
1356,tt4283892,411012
1357,tt4288636,312804
1358,tt4294968,483400
1359,tt4294970,499338
1360,tt4305148,371447
1361,tt4314716,459068
1362,tt4316236,319089
1363,tt4322510,434684
1364,tt4323370,461234
1365,tt4323536,333346
1366,tt4323568,469035
1367,tt4329394,381020
1368,tt4344272,371005
1369,tt4351548,396774
1370,tt4352408,398218
1371,tt4353250,522039
1372,tt4357714,405815
1373,tt4365566,359228
1374,tt4372240,359749
1375,tt4374502,371764
1376,tt4381236,320413
1377,tt4382330,438225
1378,tt4382618,319167
1379,tt4382824,336445
1380,tt4385026,367493
1381,tt4392770,385737
1382,tt4414438,383208
1383,tt4417402,430364
1384,tt4419364,323262
1385,tt4422656,368836
1386,tt4424722,452895
1387,tt4425064,324308
1388,tt4425148,400658
1389,tt4437216,337874
1390,tt4439102,401061
1391,tt4442130,324333
1392,tt4442604,381009
1393,tt4444798,500075
1394,tt4450396,349158
1395,tt4457344,433941
1396,tt4458946,581252
1397,tt4464394,327253
1398,tt4468634,340487
1399,tt4469200,339344
1400,tt4486728,392033
1401,tt4489180,789889
1402,tt4494094,403857
1403,tt4497338,414719
1404,tt4503598,329010
1405,tt4504040,334682
1406,tt4506722,332425
1407,tt4510398,362046
1408,tt4511566,361159
1409,tt4513316,411976
1410,tt4514646,422553
1411,tt4516352,444109
1412,tt4526922,425704
1413,tt4530884,357096
1414,tt4532038,425001
1415,tt4532818,371743
1416,tt4556370,443700
1417,tt4557208,450932
1418,tt4565400,417501
1419,tt4578598,503436
1420,tt4580044,517892
1421,tt4581734,395142
1422,tt4586626,339406
1423,tt4587780,345937
1424,tt4590092,347627
1425,tt4594834,340275
1426,tt4604496,332665
1427,tt4622340,338103
1428,tt4625840,579074
1429,tt4630158,324251
1430,tt4631048,527716
1431,tt4632316,373446
1432,tt4633036,579084
1433,tt4633340,454558
1434,tt4633662,347127
1435,tt4633690,339692
1436,tt4637878,376088
1437,tt4638148,510284
1438,tt4642044,360055
1439,tt4645358,552400
1440,tt4652650,338768
1441,tt4656396,384417
1442,tt4660172,421833
1443,tt4662420,352501
1444,tt4669204,347962
1445,tt4669252,339395
1446,tt4669264,399248
1447,tt4669296,426249
1448,tt4682136,341735
1449,tt4683668,367966
1450,tt4685940,513421
1451,tt4687782,483826
1452,tt4694544,345915
1453,tt4699130,387026
1454,tt4703182,467988
1455,tt4712076,457243
1456,tt4715356,422874
1457,tt4720702,430354
1458,tt4729990,347870
1459,tt4781612,374617
1460,tt4792524,455847
1461,tt4796122,400411
1462,tt4797082,365969
1463,tt4801232,446697
1464,tt4814760,390582
1465,tt4817466,477589
1466,tt4819510,381045
1467,tt4820284,390747
1468,tt4824316,483315
1469,tt4831810,390744
1470,tt4838334,429645
1471,tt4843358,403853
1472,tt4843618,448783
1473,tt4853154,438468
1474,tt4859168,375785
1475,tt4866448,438436
1476,tt4872078,351242
1477,tt4872162,388862
1478,tt4872260,499692
1479,tt4875456,381021
1480,tt4875962,451004
1481,tt4878482,472734
1482,tt4886144,553879
1483,tt4897822,352208
1484,tt4899370,424488
1485,tt4902260,450975
1486,tt4910718,434674
1487,tt4930292,577154
1488,tt4935334,354251
1489,tt4935372,354216
1490,tt4935446,352197
1491,tt4935462,356199
1492,tt4935480,358924
1493,tt4936398,548875
1494,tt4938484,381058
1495,tt4955162,355111
1496,tt4955566,436459
1497,tt4967220,455401
1498,tt4972062,356298
1499,tt4976192,500919
1500,tt4978274,393765
1501,tt4978710,426254
1502,tt4986134,390056
1503,tt4998222,450994
1504,tt4998772,407531
1505,tt5013984,514995
1506,tt5016028,373481
1507,tt5022560,519335
1508,tt5023260,396810
1509,tt5037840,369560
1510,tt5039088,392818
1511,tt5040108,493726
1512,tt5050328,492713
1513,tt5066818,370654
1514,tt5085924,362826
1515,tt5086772,386823
1516,tt5089534,440424
1517,tt5092484,590575
1518,tt5093026,433498
1519,tt5096846,449848
1520,tt5104604,399174
1521,tt5112578,396940
1522,tt5115546,404073
1523,tt5116410,381028
1524,tt5116504,467432
1525,tt5119264,423710
1526,tt5119268,440094
1527,tt5126654,446626
1528,tt5129682,390584
1529,tt5131516,594250
1530,tt5134588,393570
1531,tt5142216,412741
1532,tt5143704,404279
1533,tt5159414,449664
1534,tt5160938,460071
1535,tt5164412,373471
1536,tt5165880,630109
1537,tt5173032,367147
1538,tt5175450,390061
1539,tt5176580,502147
1540,tt5176762,553838
1541,tt5180888,430450
1542,tt5189894,367462
1543,tt5190578,606405
1544,tt5195412,369894
1545,tt5198796,373209
1546,tt5198868,447429
1547,tt5208216,383709
1548,tt5215486,413580
1549,tt5217256,378417
1550,tt5219972,399896
1551,tt5220252,429003
1552,tt5225338,371560
1553,tt5236900,376236
1554,tt5239942,458991
1555,tt5241356,399637
1556,tt5241760,423435
1557,tt5243796,376528
1558,tt5247026,386623
1559,tt5253282,397601
1560,tt5254640,374440
1561,tt5258306,390295
1562,tt5259692,376257
1563,tt5259966,375794
1564,tt5265492,579069
1565,tt5268348,493014
1566,tt5271436,697609
1567,tt5275828,360030
1568,tt5275838,373349
1569,tt5275866,373339
1570,tt5275884,481845
1571,tt5278462,373348
1572,tt5278464,373472
1573,tt5278466,373441
1574,tt5278578,376234
1575,tt5278596,376261
1576,tt5278930,376389
1577,tt5279204,409151
1578,tt5281134,373450
1579,tt5294522,480434
1580,tt5296086,474513
1581,tt5300754,608439
1582,tt5314450,424201
1583,tt5320124,481162
1584,tt5321814,543788
1585,tt5325030,413700
1586,tt5325492,395948
1587,tt5327410,511858
1588,tt5328952,433414
1589,tt5338770,506758
1590,tt5342904,470205
1591,tt5342950,483353
1592,tt5344150,579070
1593,tt5347158,417414
1594,tt5363648,401846
1595,tt5375040,376534
1596,tt5390066,390059
1597,tt5390430,381019
1598,tt5420886,428446
1599,tt5427194,425373
1600,tt5431284,550506
1601,tt5436228,396373
1602,tt5446858,380808
1603,tt5447816,381033
1604,tt5451690,451751
1605,tt5457078,426251
1606,tt5459382,513243
1607,tt5460530,397415
1608,tt5461680,406050
1609,tt5461956,422615
1610,tt5472896,429734
1611,tt5493944,385448
1612,tt5494396,390319
1613,tt5496628,523256
1614,tt5502946,415749
1615,tt5503688,423087
1616,tt5509780,390784
1617,tt5512872,397517
1618,tt5515304,832275
1619,tt5519566,384573
1620,tt5525310,384673
1621,tt5535726,411701
1622,tt5535814,384289
1623,tt5538124,388959
1624,tt5538568,410661
1625,tt5541848,415086
1626,tt5557976,390296
1627,tt5562652,390641
1628,tt5572232,574073
1629,tt5572856,579066
1630,tt5577494,565307
1631,tt5578150,466421
1632,tt5588850,456508
1633,tt5590718,385761
1634,tt5598206,390396
1635,tt5598292,431075
1636,tt5599520,390745
1637,tt5601792,455532
1638,tt5607096,458344
1639,tt5615222,399594
1640,tt5619338,475734
1641,tt5629964,492621
1642,tt5630752,514748
1643,tt5639446,422619
1644,tt5639898,506407
1645,tt5644050,503257
1646,tt5645932,536768
1647,tt5647942,443781
1648,tt5657856,398175
1649,tt5658242,460216
1650,tt5662550,462115
1651,tt5664676,466320
1652,tt5666304,411873
1653,tt5667482,398362
1654,tt5670364,570488
1655,tt5673714,481942
1656,tt5685652,450484
1657,tt5687814,407719
1658,tt5688868,436373
1659,tt5689068,412547
1660,tt5696326,534344
1661,tt5700182,542713
1662,tt5702446,434767
1663,tt5706370,418533
1664,tt5709852,498528
1665,tt5710688,483828
1666,tt5711672,507527
1667,tt5713994,490071
1668,tt5718046,434596
1669,tt5718290,401357
1670,tt5718456,581847
1671,tt5719076,436973
1672,tt5722516,455409
1673,tt5730882,398287
1674,tt5735280,434873
1675,tt5737536,411135
1676,tt5737862,419459
1677,tt5748392,431259
1678,tt5749696,404762
1679,tt5752360,406668
1680,tt5755280,514558
1681,tt5757874,567939
1682,tt5758404,433010
1683,tt5770620,426253
1684,tt5770864,415312
1685,tt5773986,493101
1686,tt5777992,404945
1687,tt5779372,534338
1688,tt5788528,418694
1689,tt5792490,473338
1690,tt5795086,412302
1691,tt5795282,541577
1692,tt5805752,403431
1693,tt5805768,484297
1694,tt5816374,426230
1695,tt5827916,403300
1696,tt5829040,432787
1697,tt5833186,423414
1698,tt5834760,526051
1699,tt5835100,449948
1700,tt5836316,451204
1701,tt5836866,438449
1702,tt5840448,409109
1703,tt5843574,403927
1704,tt5843670,410988
1705,tt5843780,548754
1706,tt5843838,446829
1707,tt5844196,322520
1708,tt5846628,490153
1709,tt5859238,407449
1710,tt5881528,414018
1711,tt5881892,476656
1712,tt5883570,431491
1713,tt5884004,565718
1714,tt5884230,425980
1715,tt5895028,407806
1716,tt5908018,720044
1717,tt5910344,433503
1718,tt5912454,408508
1719,tt5929750,429107
1720,tt5929754,417812
1721,tt5929776,410718
1722,tt5933560,450438
1723,tt5936492,521934
1724,tt5937770,410876
1725,tt5952138,411144
1726,tt5952382,411007
1727,tt5952468,411011
1728,tt5959952,440319
1729,tt5960374,429202
1730,tt5962210,411741
1731,tt5963314,460093
1732,tt5973364,428585
1733,tt5990474,414453
1734,tt5994894,480700
1735,tt5996718,459343
1736,tt6006924,477495
1737,tt6010628,458005
1738,tt6013154,432619
1739,tt6014796,592620
1740,tt6014904,426258
1741,tt6018306,419709
1742,tt6023560,417062
1743,tt6027344,433014
1744,tt6043142,542417
1745,tt6046314,519255
1746,tt6052748,485046
1747,tt6053438,458737
1748,tt6054650,467433
1749,tt6057032,432942
1750,tt6063014,476484
1751,tt6063090,441183
1752,tt6067388,561420
1753,tt6069162,484355
1754,tt6069264,431867
1755,tt6071092,540122
1756,tt6076810,460136
1757,tt6082798,526047
1758,tt6083146,563549
1759,tt6087434,593127
1760,tt6091028,465238
1761,tt6096340,557179
1762,tt6096542,530049
1763,tt6101602,468735
1764,tt6102104,526103
1765,tt6104206,459947
1766,tt6105406,446107
1767,tt6111634,531742
1768,tt6116682,472648
1769,tt6118340,435097
1770,tt6133130,420622
1771,tt6140144,400623
1772,tt6140148,502791
1773,tt6144092,458187
1774,tt6149390,455253
1775,tt6149818,432987
1776,tt6153962,338765
1777,tt6159518,432972
1778,tt6159520,474487
1779,tt6162762,516977
1780,tt6163356,421851
1781,tt6169694,451877
1782,tt6170202,537938
1783,tt6170506,454650
1784,tt6175486,479746
1785,tt6175710,438447
1786,tt6176928,433036
1787,tt6182078,502406
1788,tt6183104,547760
1789,tt6184766,586473
1790,tt6188658,426546
1791,tt6195442,458978
1792,tt6205996,509594
1793,tt6207096,453974
1794,tt6208950,510737
1795,tt6209282,446173
1796,tt6211976,500904
1797,tt6213952,460100
1798,tt6214468,524787
1799,tt6217608,453278
1800,tt6224502,531145
1801,tt6236780,515676
1802,tt6241270,543583
1803,tt6241390,540638
1804,tt6241654,402215
1805,tt6246092,474464
1806,tt6247064,459443
1807,tt6251024,381237
1808,tt6251390,486269
1809,tt6251666,465155
1810,tt6255478,478799
1811,tt6256978,544003
1812,tt6257174,426613
1813,tt6261048,462996
1814,tt6263642,447818
1815,tt6264264,517084
1816,tt6266218,422052
1817,tt6268882,462550
1818,tt6269368,544431
1819,tt6277760,518516
1820,tt6281242,503437
1821,tt6285672,533550
1822,tt6288250,426256
1823,tt6294226,436053
1824,tt6296764,489995
1825,tt6303866,426238
1826,tt6305892,532200
1827,tt6316170,430124
1828,tt6316466,486233
1829,tt6323306,484133
1830,tt6332276,522055
1831,tt6333056,428501
1832,tt6333058,432607
1833,tt6333086,428584
1834,tt6333092,433059
1835,tt6337930,485580
1836,tt6338476,435218
1837,tt6356220,637666
1838,tt6360332,437783
1839,tt6370266,433049
1840,tt6370614,445238
1841,tt6388074,500869
1842,tt6391732,478110
1843,tt6402212,433416
1844,tt6404166,557945
1845,tt6408226,434203
1846,tt6411322,475319
1847,tt6411590,502220
1848,tt6418570,543533
1849,tt6418778,450487
1850,tt6418918,451918
1851,tt6436888,445147
1852,tt6456222,442709
1853,tt6469548,553141
1854,tt6471628,543089
1855,tt6495094,483347
1856,tt6495388,503811
1857,tt6495526,448446
1858,tt6509058,480853
1859,tt6509432,454059
1860,tt6516314,440444
1861,tt6518886,577371
1862,tt6536668,520930
1863,tt6547044,502149
1864,tt6547170,531593
1865,tt6579888,457689
1866,tt6587706,440095
1867,tt6594436,852764
1868,tt6598222,699292
1869,tt6598626,426272
1870,tt6633182,490780
1871,tt6634646,490785
1872,tt6652708,454286
1873,tt6654082,453150
1874,tt6659936,612571
1875,tt6662736,451919
1876,tt6680312,466410
1877,tt6680792,460992
1878,tt6688022,448557
1879,tt6688354,436549
1880,tt6702308,541342
1881,tt6705860,510034
1882,tt6709826,463754
1883,tt6710658,452166
1884,tt6722726,576568
1885,tt6729000,454312
1886,tt6730898,472054
1887,tt6752848,455565
1888,tt6753132,525825
1889,tt6769280,451925
1890,tt6775942,452226
1891,tt6777184,554078
1892,tt6781296,454904
1893,tt6781638,454291
1894,tt6790530,458721
1895,tt6791238,483737
1896,tt6794376,454192
1897,tt6794424,450875
1898,tt6794462,452509
1899,tt6794464,455359
1900,tt6794466,453568
1901,tt6815320,392178
1902,tt6829180,525460
1903,tt6842524,462134
1904,tt6842752,468620
1905,tt6848602,467192
1906,tt6848736,516585
1907,tt6849786,514734
1908,tt6851066,458080
1909,tt6852872,457041
1910,tt6859352,456086
1911,tt6865478,466182
1912,tt6865690,467956
1913,tt6884200,467917
1914,tt6884380,553045
1915,tt6886080,513111
1916,tt6887540,549672
1917,tt6897484,480248
1918,tt6905402,493003
1919,tt6923740,489327
1920,tt6933454,492998
1921,tt6952960,489927
1922,tt6958014,499319
1923,tt6960218,489463
1924,tt6964076,561325
1925,tt6983908,456646
1926,tt6984258,473902
1927,tt6987770,489929
1928,tt6993174,545612
1929,tt7014234,522530
1930,tt7027210,432320
1931,tt7033498,590218
1932,tt7042862,530081
1933,tt7044076,534271
1934,tt7049542,553882
1935,tt7066546,543025
1936,tt7070818,472815
1937,tt7073518,464329
1938,tt7087210,504599
1939,tt7088344,509999
1940,tt7117594,514510
1941,tt7130262,517146
1942,tt7130472,577145
1943,tt7130802,527360
1944,tt7139936,475303
1945,tt7153434,493121
1946,tt7158430,470333
1947,tt7165804,586591
1948,tt7167686,487672
1949,tt7178102,577384
1950,tt7192934,473372
1951,tt7193362,565531
1952,tt7207238,470819
1953,tt7210348,470827
1954,tt7215388,474753
1955,tt7215444,472608
1956,tt7218804,491052
1957,tt7222228,585604
1958,tt7235016,514976
1959,tt7235038,550273
1960,tt7242142,489930
1961,tt7260048,472805
1962,tt7275200,551905
1963,tt7284204,501630
1964,tt7293920,588064
1965,tt7304194,483840
1966,tt7313348,486832
1967,tt7334702,500877
1968,tt7335104,574489
1969,tt7339248,480001
1970,tt7349910,480100
1971,tt7370952,603055
1972,tt7375304,501851
1973,tt7379362,476416
1974,tt7385832,542036
1975,tt7422822,547009
1976,tt7424358,480718
1977,tt7428030,585724
1978,tt7435110,478038
1979,tt7455754,463088
1980,tt7461200,520596
1981,tt7475540,489987
1982,tt7476236,489985
1983,tt7476524,579091
1984,tt7499368,539070
1985,tt7520286,490758
1986,tt7522002,278330
1987,tt7525514,493092
1988,tt7542576,483435
1989,tt7545566,491474
1990,tt7575410,531165
1991,tt7575480,552637
1992,tt7587282,572404
1993,tt7615722,523604
1994,tt7616148,492616
1995,tt7638110,568262
1996,tt7645122,508101
1997,tt7645780,500899
1998,tt7647840,515725
1999,tt7659110,473418
2000,tt7660966,500883
2001,tt7671064,529862
2002,tt7671414,541100
2003,tt7681824,490000
2004,tt7681902,490003
2005,tt7689484,490816
2006,tt7689906,489934
2007,tt7689908,489983
2008,tt7689956,493089
2009,tt7689964,493099
2010,tt7690016,490005
2011,tt7694738,497796
2012,tt7704726,755783
2013,tt7705110,487980
2014,tt7738450,502422
2015,tt7775622,515042
2016,tt7812334,615825
2017,tt7820280,508613
2018,tt7826276,493675
2019,tt7844450,502138
2020,tt7903550,669926
2021,tt7923612,422032
2022,tt7931968,502194
2023,tt7942742,520679
2024,tt7942746,555295
2025,tt7947150,502134
2026,tt7950334,503742
2027,tt7952920,502173
2028,tt7958740,514758
2029,tt7968976,502137
2030,tt7973342,665518
2031,tt7976208,503706
2032,tt7977310,502130
2033,tt7977594,502129
2034,tt7979668,674207
2035,tt7983890,565340
2036,tt7984826,502168
2037,tt7985692,527385
2038,tt7989512,580468
2039,tt7990992,577026
2040,tt7999770,513789
2041,tt8001194,594485
2042,tt8006926,517686
2043,tt8014482,502188
2044,tt8080302,508802
2045,tt8106592,511910
2046,tt8126390,519672
2047,tt8135494,521862
2048,tt8151874,512263
2049,tt8171000,652385
2050,tt8174450,555748
2051,tt8184104,651696
2052,tt8193876,509207
2053,tt8196200,512230
2054,tt8235296,548887
2055,tt8236336,524348
2056,tt8236398,546565
2057,tt8236588,552294
2058,tt8306634,525799
2059,tt8310924,581998
2060,tt8323104,519473
2061,tt8358220,586595
2062,tt8366502,530076
2063,tt8372298,586461
2064,tt8373280,511807
2065,tt8403168,523994
2066,tt8420442,530454
2067,tt8426594,541560
2068,tt8426610,549154
2069,tt8426838,548617
2070,tt8483558,606802
2071,tt8484012,575942
2072,tt8498198,549422
2073,tt8563452,567733
2074,tt8580240,541574
2075,tt8581198,542994
2076,tt8593814,532183
2077,tt8637428,565310
2078,tt8637440,595931
2079,tt8647310,547012
2080,tt8650976,581001
2081,tt8678108,597710
2082,tt8679160,550503
2083,tt8693770,523818
2084,tt8695030,535581
2085,tt8745960,537788
2086,tt8749146,537968
2087,tt8758086,590164
2088,tt8758548,539199
2089,tt8760684,549559
2090,tt8769848,565391
2091,tt8806104,549859
2092,tt8819596,541578
2093,tt8855960,604031
2094,tt8856090,565326
2095,tt8863066,555112
2096,tt8879666,566141
2097,tt8883524,543917
2098,tt8884430,549551
2099,tt8890074,579507
2100,tt8923482,566368
2101,tt8949056,527660
2102,tt8969332,543084
2103,tt8974964,565591
2104,tt8986906,550957
2105,tt9004516,618159
2106,tt9010460,581418
2107,tt9016016,576005
2108,tt9035872,680760
2109,tt9073574,603735
2110,tt9085982,564713
2111,tt9099136,591103
2112,tt9108510,817690
2113,tt9109306,554739
2114,tt9129296,566233
2115,tt9133378,565379
2116,tt9135318,565726
2117,tt9150206,557182
2118,tt9181914,644239
2119,tt9248032,570556
2120,tt9251614,589339
2121,tt9351746,565276
2122,tt9352926,565341
2123,tt9353586,566063
2124,tt9356952,565383
2125,tt9358044,565719
2126,tt9358084,568693
2127,tt9358192,566227
2128,tt9358200,566232
2129,tt9358206,566235
2130,tt9358256,566220
2131,tt9376172,572367
2132,tt9403508,559323
2133,tt9428190,601131
2134,tt9551936,617208
2135,tt9590420,577984
2136,tt9600932,576334
2137,tt9612680,576692
2138,tt9614440,575958
2139,tt9617570,576687
2140,tt9617716,576712
2141,tt9654814,577095
2142,tt9662422,586481
2143,tt9691086,656890
2144,tt9799626,590209
2145,tt9810480,559515
2146,tt9837530,502234
2147,tt9856680,523427
2148,tt9896916,595172
